atten,scale_factor
0,1.0
5,1.3540259854456285
10,2.379963826314563
15,4.283283992029859
20,7.739877652068804
